dataset,seed,policy,budget,accuracy,cross_entropy,predictor_val_acc_random_masks,predictor_val_loss_random_masks,n_train,n_val,n_test,n_features,n_classes
fashion_mnist_selected,1,empty_mask,0,0.1,2.313228076171875,0.578,1.176656689453125,50000,10000,10000,20,10
fashion_mnist_selected,1,full_features,20,0.7188,0.8262907836914063,0.578,1.176656689453125,50000,10000,10000,20,10
fashion_mnist_selected,1,random,1,0.18508,2.089372551269532,0.578,1.176656689453125,50000,10000,10000,20,10
fashion_mnist_selected,1,global_mi,1,0.1841,1.9536124267578123,0.578,1.176656689453125,50000,10000,10000,20,10
fashion_mnist_selected,1,myopic_q,1,0.1841,1.9536124267578123,0.578,1.176656689453125,50000,10000,10000,20,10
fashion_mnist_selected,1,learned_briga,1,0.1841,1.9536124267578123,0.578,1.176656689453125,50000,10000,10000,20,10
fashion_mnist_selected,1,random,2,0.27685,1.888511970214844,0.578,1.176656689453125,50000,10000,10000,20,10
fashion_mnist_selected,1,global_mi,2,0.2355,1.8158768798828124,0.578,1.176656689453125,50000,10000,10000,20,10
fashion_mnist_selected,1,myopic_q,2,0.2663,1.7450771484375,0.578,1.176656689453125,50000,10000,10000,20,10
fashion_mnist_selected,1,learned_briga,2,0.3151,1.685923046875,0.578,1.176656689453125,50000,10000,10000,20,10
fashion_mnist_selected,1,random,4,0.42222,1.570146496582031,0.578,1.176656689453125,50000,10000,10000,20,10
fashion_mnist_selected,1,global_mi,4,0.4033,1.4710633544921874,0.578,1.176656689453125,50000,10000,10000,20,10
fashion_mnist_selected,1,myopic_q,4,0.4184,1.4939750244140626,0.578,1.176656689453125,50000,10000,10000,20,10
fashion_mnist_selected,1,learned_briga,4,0.5265,1.3790677734375,0.578,1.176656689453125,50000,10000,10000,20,10
fashion_mnist_selected,1,random,8,0.5808899999999999,1.171894697265625,0.578,1.176656689453125,50000,10000,10000,20,10
fashion_mnist_selected,1,global_mi,8,0.5635,1.150422509765625,0.578,1.176656689453125,50000,10000,10000,20,10
fashion_mnist_selected,1,myopic_q,8,0.6059,1.09071484375,0.578,1.176656689453125,50000,10000,10000,20,10
fashion_mnist_selected,1,learned_briga,8,0.6201,1.049332421875,0.578,1.176656689453125,50000,10000,10000,20,10
fashion_mnist_selected,1,random,12,0.6533100000000001,0.977021424560547,0.578,1.176656689453125,50000,10000,10000,20,10
fashion_mnist_selected,1,global_mi,12,0.6459,0.9600266845703124,0.578,1.176656689453125,50000,10000,10000,20,10
fashion_mnist_selected,1,myopic_q,12,0.6584,0.9224557495117188,0.578,1.176656689453125,50000,10000,10000,20,10
fashion_mnist_selected,1,learned_briga,12,0.6753,0.91709931640625,0.578,1.176656689453125,50000,10000,10000,20,10
fashion_mnist_selected,1,random,16,0.69371,0.8727170678710937,0.578,1.176656689453125,50000,10000,10000,20,10
fashion_mnist_selected,1,global_mi,16,0.6877,0.8783494140625,0.578,1.176656689453125,50000,10000,10000,20,10
fashion_mnist_selected,1,myopic_q,16,0.6948,0.851371142578125,0.578,1.176656689453125,50000,10000,10000,20,10
fashion_mnist_selected,1,learned_briga,16,0.7024,0.8324012451171875,0.578,1.176656689453125,50000,10000,10000,20,10
fashion_mnist_selected,1,random,20,0.7188,0.8262907836914064,0.578,1.176656689453125,50000,10000,10000,20,10
fashion_mnist_selected,1,global_mi,20,0.7188,0.8262907836914063,0.578,1.176656689453125,50000,10000,10000,20,10
fashion_mnist_selected,1,myopic_q,20,0.7188,0.8262907836914063,0.578,1.176656689453125,50000,10000,10000,20,10
fashion_mnist_selected,1,learned_briga,20,0.7188,0.8262907836914063,0.578,1.176656689453125,50000,10000,10000,20,10
fashion_mnist_selected,3,empty_mask,0,0.1,2.32059267578125,0.5696,1.18767529296875,50000,10000,10000,20,10
fashion_mnist_selected,3,full_features,20,0.7164,0.83354521484375,0.5696,1.18767529296875,50000,10000,10000,20,10
fashion_mnist_selected,3,random,1,0.18239,2.08957201171875,0.5696,1.18767529296875,50000,10000,10000,20,10
fashion_mnist_selected,3,global_mi,1,0.1838,1.945668212890625,0.5696,1.18767529296875,50000,10000,10000,20,10
fashion_mnist_selected,3,myopic_q,1,0.1838,1.945668212890625,0.5696,1.18767529296875,50000,10000,10000,20,10
fashion_mnist_selected,3,learned_briga,1,0.1838,1.945668212890625,0.5696,1.18767529296875,50000,10000,10000,20,10
fashion_mnist_selected,3,random,2,0.27273,1.8931174462890623,0.5696,1.18767529296875,50000,10000,10000,20,10
fashion_mnist_selected,3,global_mi,2,0.2458,1.8124779541015623,0.5696,1.18767529296875,50000,10000,10000,20,10
fashion_mnist_selected,3,myopic_q,2,0.2632,1.812753125,0.5696,1.18767529296875,50000,10000,10000,20,10
fashion_mnist_selected,3,learned_briga,2,0.3177,1.67509775390625,0.5696,1.18767529296875,50000,10000,10000,20,10
fashion_mnist_selected,3,random,4,0.42015,1.5788734399414062,0.5696,1.18767529296875,50000,10000,10000,20,10
fashion_mnist_selected,3,global_mi,4,0.3359,1.5761894287109377,0.5696,1.18767529296875,50000,10000,10000,20,10
fashion_mnist_selected,3,myopic_q,4,0.4059,1.46591787109375,0.5696,1.18767529296875,50000,10000,10000,20,10
fashion_mnist_selected,3,learned_briga,4,0.4931,1.3866377197265625,0.5696,1.18767529296875,50000,10000,10000,20,10
fashion_mnist_selected,3,random,8,0.57698,1.1871861279296874,0.5696,1.18767529296875,50000,10000,10000,20,10
fashion_mnist_selected,3,global_mi,8,0.5566,1.16365107421875,0.5696,1.18767529296875,50000,10000,10000,20,10
fashion_mnist_selected,3,myopic_q,8,0.6019,1.12972158203125,0.5696,1.18767529296875,50000,10000,10000,20,10
fashion_mnist_selected,3,learned_briga,8,0.6268,1.063882568359375,0.5696,1.18767529296875,50000,10000,10000,20,10
fashion_mnist_selected,3,random,12,0.65012,0.9852589709472656,0.5696,1.18767529296875,50000,10000,10000,20,10
fashion_mnist_selected,3,global_mi,12,0.6363,0.9676494995117187,0.5696,1.18767529296875,50000,10000,10000,20,10
fashion_mnist_selected,3,myopic_q,12,0.6561,0.9372572387695312,0.5696,1.18767529296875,50000,10000,10000,20,10
fashion_mnist_selected,3,learned_briga,12,0.666,0.9221091430664062,0.5696,1.18767529296875,50000,10000,10000,20,10
fashion_mnist_selected,3,random,16,0.69245,0.8834268322753906,0.5696,1.18767529296875,50000,10000,10000,20,10
fashion_mnist_selected,3,global_mi,16,0.6707,0.9030179077148438,0.5696,1.18767529296875,50000,10000,10000,20,10
fashion_mnist_selected,3,myopic_q,16,0.7036,0.8543341918945313,0.5696,1.18767529296875,50000,10000,10000,20,10
fashion_mnist_selected,3,learned_briga,16,0.7066,0.8334720092773438,0.5696,1.18767529296875,50000,10000,10000,20,10
fashion_mnist_selected,3,random,20,0.7164,0.8335452148437501,0.5696,1.18767529296875,50000,10000,10000,20,10
fashion_mnist_selected,3,global_mi,20,0.7164,0.83354521484375,0.5696,1.18767529296875,50000,10000,10000,20,10
fashion_mnist_selected,3,myopic_q,20,0.7164,0.83354521484375,0.5696,1.18767529296875,50000,10000,10000,20,10
fashion_mnist_selected,3,learned_briga,20,0.7164,0.83354521484375,0.5696,1.18767529296875,50000,10000,10000,20,10
fashion_mnist_selected,5,empty_mask,0,0.1,2.3156796875,0.5703,1.1751244140625,50000,10000,10000,20,10
fashion_mnist_selected,5,full_features,20,0.7258,0.82096650390625,0.5703,1.1751244140625,50000,10000,10000,20,10
fashion_mnist_selected,5,random,1,0.18464,2.0862962207031246,0.5703,1.1751244140625,50000,10000,10000,20,10
fashion_mnist_selected,5,global_mi,1,0.1822,1.94369755859375,0.5703,1.1751244140625,50000,10000,10000,20,10
fashion_mnist_selected,5,myopic_q,1,0.1822,1.94369755859375,0.5703,1.1751244140625,50000,10000,10000,20,10
fashion_mnist_selected,5,learned_briga,1,0.1822,1.94369755859375,0.5703,1.1751244140625,50000,10000,10000,20,10
fashion_mnist_selected,5,random,2,0.27203,1.8906838427734372,0.5703,1.1751244140625,50000,10000,10000,20,10
fashion_mnist_selected,5,global_mi,2,0.2847,1.7475383544921874,0.5703,1.1751244140625,50000,10000,10000,20,10
fashion_mnist_selected,5,myopic_q,2,0.3249,1.72217578125,0.5703,1.1751244140625,50000,10000,10000,20,10
fashion_mnist_selected,5,learned_briga,2,0.3091,1.6860104736328123,0.5703,1.1751244140625,50000,10000,10000,20,10
fashion_mnist_selected,5,random,4,0.4205,1.576216884765625,0.5703,1.1751244140625,50000,10000,10000,20,10
fashion_mnist_selected,5,global_mi,4,0.3956,1.4792046630859377,0.5703,1.1751244140625,50000,10000,10000,20,10
fashion_mnist_selected,5,myopic_q,4,0.3789,1.48971708984375,0.5703,1.1751244140625,50000,10000,10000,20,10
fashion_mnist_selected,5,learned_briga,4,0.5031,1.3771400390625,0.5703,1.1751244140625,50000,10000,10000,20,10
fashion_mnist_selected,5,random,8,0.58045,1.1752104052734371,0.5703,1.1751244140625,50000,10000,10000,20,10
fashion_mnist_selected,5,global_mi,8,0.5649,1.137906201171875,0.5703,1.1751244140625,50000,10000,10000,20,10
fashion_mnist_selected,5,myopic_q,8,0.5852,1.0999393310546874,0.5703,1.1751244140625,50000,10000,10000,20,10
fashion_mnist_selected,5,learned_briga,8,0.6193,1.0970038696289062,0.5703,1.1751244140625,50000,10000,10000,20,10
fashion_mnist_selected,5,random,12,0.6551799999999999,0.9737540014648438,0.5703,1.1751244140625,50000,10000,10000,20,10
fashion_mnist_selected,5,global_mi,12,0.6611,0.9514159423828124,0.5703,1.1751244140625,50000,10000,10000,20,10
fashion_mnist_selected,5,myopic_q,12,0.6595,0.9273646118164064,0.5703,1.1751244140625,50000,10000,10000,20,10
fashion_mnist_selected,5,learned_briga,12,0.6665,0.9148686401367188,0.5703,1.1751244140625,50000,10000,10000,20,10
fashion_mnist_selected,5,random,16,0.69761,0.8715685400390626,0.5703,1.1751244140625,50000,10000,10000,20,10
fashion_mnist_selected,5,global_mi,16,0.696,0.8673962280273437,0.5703,1.1751244140625,50000,10000,10000,20,10
fashion_mnist_selected,5,myopic_q,16,0.7033,0.8587853759765625,0.5703,1.1751244140625,50000,10000,10000,20,10
fashion_mnist_selected,5,learned_briga,16,0.7042,0.8452683349609375,0.5703,1.1751244140625,50000,10000,10000,20,10
fashion_mnist_selected,5,random,20,0.7257999999999999,0.8209665039062501,0.5703,1.1751244140625,50000,10000,10000,20,10
fashion_mnist_selected,5,global_mi,20,0.7258,0.82096650390625,0.5703,1.1751244140625,50000,10000,10000,20,10
fashion_mnist_selected,5,myopic_q,20,0.7258,0.82096650390625,0.5703,1.1751244140625,50000,10000,10000,20,10
fashion_mnist_selected,5,learned_briga,20,0.7258,0.82096650390625,0.5703,1.1751244140625,50000,10000,10000,20,10
fashion_mnist_selected,7,empty_mask,0,0.1,2.3271826171875,0.5751,1.1875017333984377,50000,10000,10000,20,10
fashion_mnist_selected,7,full_features,20,0.7205,0.8314112915039062,0.5751,1.1875017333984377,50000,10000,10000,20,10
fashion_mnist_selected,7,random,1,0.18349,2.0944709252929687,0.5751,1.1875017333984377,50000,10000,10000,20,10
fashion_mnist_selected,7,global_mi,1,0.1838,1.9591131103515624,0.5751,1.1875017333984377,50000,10000,10000,20,10
fashion_mnist_selected,7,myopic_q,1,0.1838,1.9591131103515624,0.5751,1.1875017333984377,50000,10000,10000,20,10
fashion_mnist_selected,7,learned_briga,1,0.1838,1.9591131103515624,0.5751,1.1875017333984377,50000,10000,10000,20,10
fashion_mnist_selected,7,random,2,0.27296,1.896325708007812,0.5751,1.1875017333984377,50000,10000,10000,20,10
fashion_mnist_selected,7,global_mi,2,0.2739,1.7593984375,0.5751,1.1875017333984377,50000,10000,10000,20,10
fashion_mnist_selected,7,myopic_q,2,0.2631,1.8133002685546875,0.5751,1.1875017333984377,50000,10000,10000,20,10
fashion_mnist_selected,7,learned_briga,2,0.3064,1.70565673828125,0.5751,1.1875017333984377,50000,10000,10000,20,10
fashion_mnist_selected,7,random,4,0.4232600000000001,1.5725287231445313,0.5751,1.1875017333984377,50000,10000,10000,20,10
fashion_mnist_selected,7,global_mi,4,0.3929,1.4831415283203124,0.5751,1.1875017333984377,50000,10000,10000,20,10
fashion_mnist_selected,7,myopic_q,4,0.3766,1.5487044189453123,0.5751,1.1875017333984377,50000,10000,10000,20,10
fashion_mnist_selected,7,learned_briga,4,0.483,1.371978125,0.5751,1.1875017333984377,50000,10000,10000,20,10
fashion_mnist_selected,7,random,8,0.58084,1.1720130078125,0.5751,1.1875017333984377,50000,10000,10000,20,10
fashion_mnist_selected,7,global_mi,8,0.5525,1.152483935546875,0.5751,1.1875017333984377,50000,10000,10000,20,10
fashion_mnist_selected,7,myopic_q,8,0.5714,1.166954345703125,0.5751,1.1875017333984377,50000,10000,10000,20,10
fashion_mnist_selected,7,learned_briga,8,0.6146,1.04844423828125,0.5751,1.1875017333984377,50000,10000,10000,20,10
fashion_mnist_selected,7,random,12,0.6532899999999999,0.979470233154297,0.5751,1.1875017333984377,50000,10000,10000,20,10
fashion_mnist_selected,7,global_mi,12,0.6495,0.957149462890625,0.5751,1.1875017333984377,50000,10000,10000,20,10
fashion_mnist_selected,7,myopic_q,12,0.6491,0.9586821411132812,0.5751,1.1875017333984377,50000,10000,10000,20,10
fashion_mnist_selected,7,learned_briga,12,0.6723,0.9238970581054688,0.5751,1.1875017333984377,50000,10000,10000,20,10
fashion_mnist_selected,7,random,16,0.69499,0.8788045825195313,0.5751,1.1875017333984377,50000,10000,10000,20,10
fashion_mnist_selected,7,global_mi,16,0.6901,0.8745277954101562,0.5751,1.1875017333984377,50000,10000,10000,20,10
fashion_mnist_selected,7,myopic_q,16,0.6942,0.8665229125976562,0.5751,1.1875017333984377,50000,10000,10000,20,10
fashion_mnist_selected,7,learned_briga,16,0.7069,0.8365282836914063,0.5751,1.1875017333984377,50000,10000,10000,20,10
fashion_mnist_selected,7,random,20,0.7205000000000001,0.8314112915039062,0.5751,1.1875017333984377,50000,10000,10000,20,10
fashion_mnist_selected,7,global_mi,20,0.7205,0.8314112915039062,0.5751,1.1875017333984377,50000,10000,10000,20,10
fashion_mnist_selected,7,myopic_q,20,0.7205,0.8314112915039062,0.5751,1.1875017333984377,50000,10000,10000,20,10
fashion_mnist_selected,7,learned_briga,20,0.7205,0.8314112915039062,0.5751,1.1875017333984377,50000,10000,10000,20,10
fashion_mnist_selected,9,empty_mask,0,0.1,2.3215806640625,0.5721,1.1812298583984375,50000,10000,10000,20,10
fashion_mnist_selected,9,full_features,20,0.7173,0.8290994018554687,0.5721,1.1812298583984375,50000,10000,10000,20,10
fashion_mnist_selected,9,random,1,0.18446,2.0940396606445315,0.5721,1.1812298583984375,50000,10000,10000,20,10
fashion_mnist_selected,9,global_mi,1,0.1796,1.963656201171875,0.5721,1.1812298583984375,50000,10000,10000,20,10
fashion_mnist_selected,9,myopic_q,1,0.1796,1.963656201171875,0.5721,1.1812298583984375,50000,10000,10000,20,10
fashion_mnist_selected,9,learned_briga,1,0.1796,1.963656201171875,0.5721,1.1812298583984375,50000,10000,10000,20,10
fashion_mnist_selected,9,random,2,0.27377,1.8973281445312504,0.5721,1.1812298583984375,50000,10000,10000,20,10
fashion_mnist_selected,9,global_mi,2,0.2769,1.757990673828125,0.5721,1.1812298583984375,50000,10000,10000,20,10
fashion_mnist_selected,9,myopic_q,2,0.2704,1.787605615234375,0.5721,1.1812298583984375,50000,10000,10000,20,10
fashion_mnist_selected,9,learned_briga,2,0.3465,1.6868137939453125,0.5721,1.1812298583984375,50000,10000,10000,20,10
fashion_mnist_selected,9,random,4,0.41909,1.5775695483398438,0.5721,1.1812298583984375,50000,10000,10000,20,10
fashion_mnist_selected,9,global_mi,4,0.4185,1.49651279296875,0.5721,1.1812298583984375,50000,10000,10000,20,10
fashion_mnist_selected,9,myopic_q,4,0.3993,1.47249423828125,0.5721,1.1812298583984375,50000,10000,10000,20,10
fashion_mnist_selected,9,learned_briga,4,0.4835,1.3853806640625,0.5721,1.1812298583984375,50000,10000,10000,20,10
fashion_mnist_selected,9,random,8,0.57739,1.1816782788085936,0.5721,1.1812298583984375,50000,10000,10000,20,10
fashion_mnist_selected,9,global_mi,8,0.5339,1.2178765625,0.5721,1.1812298583984375,50000,10000,10000,20,10
fashion_mnist_selected,9,myopic_q,8,0.6114,1.0694776123046874,0.5721,1.1812298583984375,50000,10000,10000,20,10
fashion_mnist_selected,9,learned_briga,8,0.5987,1.0626286376953125,0.5721,1.1812298583984375,50000,10000,10000,20,10
fashion_mnist_selected,9,random,12,0.6502700000000001,0.9799035925292968,0.5721,1.1812298583984375,50000,10000,10000,20,10
fashion_mnist_selected,9,global_mi,12,0.6449,0.9641429809570312,0.5721,1.1812298583984375,50000,10000,10000,20,10
fashion_mnist_selected,9,myopic_q,12,0.6731,0.9038720703125,0.5721,1.1812298583984375,50000,10000,10000,20,10
fashion_mnist_selected,9,learned_briga,12,0.6625,0.9349791381835938,0.5721,1.1812298583984375,50000,10000,10000,20,10
fashion_mnist_selected,9,random,16,0.68898,0.8837278967285156,0.5721,1.1812298583984375,50000,10000,10000,20,10
fashion_mnist_selected,9,global_mi,16,0.6836,0.876983544921875,0.5721,1.1812298583984375,50000,10000,10000,20,10
fashion_mnist_selected,9,myopic_q,16,0.7085,0.835565576171875,0.5721,1.1812298583984375,50000,10000,10000,20,10
fashion_mnist_selected,9,learned_briga,16,0.6923,0.8423474609375,0.5721,1.1812298583984375,50000,10000,10000,20,10
fashion_mnist_selected,9,random,20,0.7172999999999999,0.8290994018554689,0.5721,1.1812298583984375,50000,10000,10000,20,10
fashion_mnist_selected,9,global_mi,20,0.7173,0.8290994018554687,0.5721,1.1812298583984375,50000,10000,10000,20,10
fashion_mnist_selected,9,myopic_q,20,0.7173,0.8290994018554687,0.5721,1.1812298583984375,50000,10000,10000,20,10
fashion_mnist_selected,9,learned_briga,20,0.7173,0.8290994018554687,0.5721,1.1812298583984375,50000,10000,10000,20,10
